00000,a
00001,b
00002,b
01000,a
01001,b
01002,b
01100,1
01101,0
01102,0
01103,0
01104,0
01105,0
01106,0
01107,0
01108,0
01109,0
01110,0
01202,2
01202,9
01202,9
01202,9
01202,9
01202,9
01203,2
01204,2
01205,2
01206,2
01206,9
01206,9
01206,9
01207,2
01208,2
01208,9
01208,9
01208,9
01208,9
01209,2
01210,2
01210,9
01210,9
01210,9
01211,2
01212,2
01213,2
01214,2
01215,2
01216,2
01217,2
01218,2
01219,2
01220,2
01220,9
01220,9
01221,2
01221,9
01221,9
01222,2
01223,2
01224,2
01225,2
01226,2
01227,2
01228,2
01229,2
01230,2
01231,2
01233,2
01233,9
01233,9
01234,2
01235,2
01235,9
01235,9
01235,9
01236,2
01236,9
01236,9
01300,c
01303,3
01304,3
01330,c
01331,3
01332,3
01333,3
01334,3
01337,3
01343,3
01345,3
01345,9
01345,9
01346,3
01346,9
01346,9
01347,3
01360,c
01361,3
01362,3
01363,3
01364,3
01367,3
01370,3
01371,3
01371,9
01371,9
01371,9
01390,c
01391,3
01392,3
01393,3
01394,3
01395,3
01396,3
01397,3
01398,3
01399,3
01400,3
01401,3
01402,3
01403,3
01404,3
01405,3
01406,3
01407,3
01408,3
01409,3
01420,c
01423,3
01424,3
01425,3
01427,3
01428,3
01429,3
01430,3
01431,3
01432,3
01433,3
01434,3
01436,3
01437,3
01438,3
01450,c
01452,3
01453,3
01454,3
01455,3
01456,3
01457,3
01458,3
01459,3
01460,3
01461,3
01462,3
01463,3
01464,3
01465,3
01468,3
01469,3
01470,3
01471,3
01472,3
01472,9
01480,c
01481,3
01482,3
01483,3
01484,3
01485,3
01486,3
01487,3
01510,c
01511,3
01512,3
01513,3
01514,3
01514,9
01514,9
01516,3
01517,3
01518,3
01519,3
01520,3
01520,9
01540,c
01543,3
01544,3
01545,3
01546,3
01547,3
01549,3
01550,3
01552,3
01555,3
01555,9
01555,9
01555,9
01555,9
01559,3
01559,9
01559,9
01560,3
01561,3
01562,3
01563,3
01564,3
01564,9
01564,9
01570,c
01571,3
01575,3
01578,3
01581,3
01584,3
01584,9
01584,9
01585,3
01585,9
01585,9
01586,3
01586,9
01586,9
01600,c
01601,3
01601,9
01601,9
01602,3
01604,3
01607,3
01608,3
01609,3
01610,3
01610,9
01610,9
01630,c
01631,3
01632,3
01633,3
01634,3
01635,3
01636,3
01637,3
01638,3
01639,3
01641,3
01642,3
01643,3
01643,9
01643,9
01644,3
01645,3
01646,3
01647,3
01648,3
01649,3
01660,c
01661,3
01662,3
01663,3
01664,3
01665,3
01667,3
01668,3
01690,c
01691,3
01692,3
01693,3
01694,3
02000,a
02001,b
02002,b
02201,2
02201,9
02201,9
02202,2
02202,9
02202,9
02202,9
02203,2
02203,9
02203,9
02204,2
02205,2
02205,9
02205,9
02205,9
02206,2
02206,9
02206,9
02207,2
02208,2
02208,9
02208,9
02208,9
02208,9
02209,2
02209,9
02209,9
02209,9
02209,9
02209,9
02210,2
02210,9
02210,9
02210,9
02300,c
02301,3
02303,3
02304,3
02307,3
02307,9
02307,9
02307,9
02320,c
02321,3
02323,3
02323,9
02323,9
02340,c
02343,3
02360,c
02361,3
02361,9
02361,9
02362,3
02367,3
02380,c
02381,3
02384,3
02387,3
02387,9
02387,9
02400,c
02401,3
02402,3
02402,9
02402,9
02405,3
02406,3
02408,3
02408,9
02408,9
02411,3
02412,3
02412,9
02412,9
02420,c
02423,3
02424,3
02425,3
02426,3
02440,c
02441,3
02442,3
02442,9
02442,9
02443,3
02445,3
02445,9
02445,9
02445,9
02446,3
02450,3
03000,a
03001,b
03002,b
03201,2
03201,9
03201,9
03202,2
03202,9
03202,9
03202,9
03202,9
03203,2
03203,9
03203,9
03205,2
03205,9
03205,9
03205,9
03205,9
03206,2
03207,2
03207,9
03207,9
03208,2
03208,9
03208,9
03209,2
03209,9
03209,9
03209,9
03209,9
03209,9
03209,9
03209,9
03209,9
03210,2
03211,2
03213,2
03213,9
03213,9
03214,2
03214,9
03214,9
03214,9
03215,2
03215,9
03215,9
03215,9
03215,9
03215,9
03216,2
03216,9
03300,c
03301,3
03302,3
03303,3
03320,c
03321,3
03322,3
03360,c
03366,3
03366,9
03366,9
03380,c
03381,3
03400,c
03402,3
03440,c
03441,3
03460,c
03461,3
03480,c
03482,3
03483,3
03484,3
03485,3
03500,c
03501,3
03503,3
03506,3
03507,3
03507,9
03507,9
03520,c
03524,3
04000,a
04001,b
04002,b
04100,1
04101,0
04102,0
04103,0
04104,0
04105,0
04202,2
04202,9
04202,9
04202,9
04202,9
04202,9
04202,9
04202,9
04203,2
04205,2
04205,9
04205,9
04205,9
04206,2
04207,2
04208,2
04209,2
04211,2
04212,2
04212,9
04212,9
04212,9
04212,9
04212,9
04212,9
04212,9
04212,9
04212,9
04213,2
04213,9
04213,9
04213,9
04213,9
04213,9
04213,9
04213,9
04213,9
04213,9
04213,9
04214,2
04214,9
04214,9
04215,2
04215,9
04215,9
04215,9
04215,9
04215,9
04215,9
04215,9
04300,c
04301,3
04302,3
04320,c
04321,3
04322,3
04323,3
04324,3
04340,c
04341,3
04360,c
04361,3
04362,3
04400,c
04401,3
04404,3
04406,3
04420,c
04421,3
04422,3
04423,3
04424,3
04440,c
04444,3
04445,3
04445,9
04445,9
04445,9
04500,c
04501,3
04505,3
04505,9
04505,9
04580,c
04581,3
04600,c
04606,3
04606,9
04606,9
05000,a
05001,b
05002,b
05201,2
05201,9
05201,9
05201,9
05202,2
05202,9
05202,9
05203,2
05203,9
05203,9
05203,9
05203,9
05203,9
05203,9
05203,9
05203,9
05204,2
05204,9
05204,9
05204,9
05206,2
05206,9
05206,9
05207,2
05207,9
05207,9
05207,9
05207,9
05209,2
05210,2
05210,9
05210,9
05210,9
05210,9
05210,9
05210,9
05210,9
05210,9
05211,2
05211,9
05211,9
05211,9
05212,2
05212,9
05212,9
05212,9
05212,9
05212,9
05212,9
05212,9
05212,9
05213,2
05213,9
05213,9
05213,9
05213,9
05214,2
05214,9
05214,9
05214,9
05215,2
05215,9
05215,9
05215,9
05300,c
05303,3
05320,c
05327,3
05340,c
05346,3
05348,3
05348,9
05348,9
05348,9
05349,3
05349,9
05349,9
05360,c
05361,3
05363,3
05366,3
05368,3
05420,c
05434,3
05434,9
05434,9
05434,9
05460,c
05463,3
05464,3
06000,a
06001,b
06002,b
06201,2
06202,2
06203,2
06203,9
06203,9
06203,9
06203,9
06203,9
06203,9
06204,2
06204,9
06204,9
06204,9
06204,9
06205,2
06206,2
06207,2
06208,2
06209,2
06210,2
06211,2
06212,2
06213,2
06300,c
06301,3
06302,3
06320,c
06321,3
06322,3
06323,3
06324,3
06340,c
06341,3
06360,c
06361,3
06362,3
06363,3
06364,3
06365,3
06366,3
06367,3
06380,c
06381,3
06382,3
06400,c
06401,3
06402,3
06403,3
06420,c
06426,3
06428,3
06428,9
06428,9
06460,c
06461,3
07000,a
07001,b
07002,b
07201,2
07201,9
07201,9
07202,2
07202,9
07202,9
07202,9
07203,2
07204,2
07205,2
07205,9
07205,9
07205,9
07205,9
07207,2
07207,9
07207,9
07207,9
07208,2
07208,9
07208,9
07208,9
07208,9
07208,9
07209,2
07210,2
07210,9
07210,9
07210,9
07210,9
07211,2
07211,9
07211,9
07211,9
07211,9
07211,9
07212,2
07212,9
07212,9
07212,9
07213,2
07213,9
07213,9
07213,9
07213,9
07213,9
07214,2
07214,9
07214,9
07300,c
07301,3
07303,3
07308,3
07320,c
07322,3
07340,c
07342,3
07344,3
07360,c
07362,3
07364,3
07367,3
07368,3
07368,9
07368,9
07368,9
07368,9
07400,c
07402,3
07405,3
07407,3
07408,3
07420,c
07421,3
07422,3
07423,3
07440,c
07444,3
07445,3
07446,3
07447,3
07447,9
07447,9
07447,9
07460,c
07461,3
07464,3
07465,3
07466,3
07480,c
07481,3
07482,3
07483,3
07484,3
07500,c
07501,3
07502,3
07503,3
07504,3
07505,3
07520,c
07521,3
07522,3
07540,c
07541,3
07542,3
07543,3
07544,3
07545,3
07546,3
07547,3
07548,3
07560,c
07561,3
07564,3
08000,a
08001,b
08002,b
08201,2
08201,9
08201,9
08202,2
08202,9
08202,9
08203,2
08203,9
08203,9
08204,2
08204,9
08204,9
08204,9
08205,2
08205,9
08205,9
08207,2
08208,2
08210,2
08210,9
08210,9
08211,2
08211,9
08211,9
08212,2
08212,9
08212,9
08212,9
08212,9
08214,2
08215,2
08216,2
08216,9
08216,9
08216,9
08217,2
08217,9
08217,9
08219,2
08220,2
08220,9
08220,9
08221,2
08222,2
08223,2
08223,9
08223,9
08224,2
08224,9
08225,2
08225,9
08225,9
08225,9
08225,9
08225,9
08226,2
08226,9
08226,9
08227,2
08227,9
08227,9
08227,9
08227,9
08228,2
08228,9
08228,9
08229,2
08229,9
08229,9
08229,9
08229,9
08230,2
08230,9
08230,9
08231,2
08231,9
08231,9
08231,9
08232,2
08232,9
08232,9
08233,2
08233,9
08233,9
08233,9
08234,2
08234,9
08234,9
08234,9
08235,2
08235,9
08235,9
08236,2
08236,9
08236,9
08236,9
08300,c
08302,3
08309,3
08310,3
08310,9
08310,9
08310,9
08340,c
08341,3
08360,c
08364,3
08440,c
08442,3
08443,3
08447,3
08520,c
08521,3
08540,c
08542,3
08546,3
08560,c
08564,3
09000,a
09001,b
09002,b
09201,2
09201,9
09201,9
09201,9
09202,2
09203,2
09203,9
09203,9
09203,9
09203,9
09203,9
09203,9
09204,2
09204,9
09204,9
09204,9
09205,2
09205,9
09205,9
09206,2
09206,9
09206,9
09206,9
09206,9
09206,9
09208,2
09209,2
09209,9
09209,9
09210,2
09210,9
09210,9
09210,9
09211,2
09213,2
09213,9
09213,9
09213,9
09214,2
09214,9
09214,9
09215,2
09215,9
09215,9
09216,2
09216,9
09216,9
09216,9
09300,c
09301,3
09340,c
09342,3
09343,3
09344,3
09345,3
09360,c
09361,3
09364,3
09380,c
09384,3
09386,3
09400,c
09407,3
09411,3
09411,9
09411,9
10000,a
10001,b
10002,b
10201,2
10201,9
10201,9
10201,9
10201,9
10201,9
10202,2
10202,9
10202,9
10202,9
10202,9
10202,9
10202,9
10202,9
10203,2
10203,9
10203,9
10203,9
10204,2
10204,9
10204,9
10204,9
10204,9
10205,2
10205,9
10205,9
10205,9
10205,9
10206,2
10206,9
10206,9
10206,9
10207,2
10208,2
10208,9
10208,9
10208,9
10208,9
10208,9
10208,9
10209,2
10209,9
10209,9
10210,2
10210,9
10210,9
10211,2
10211,9
10211,9
10212,2
10212,9
10212,9
10212,9
10340,c
10344,3
10345,3
10360,c
10366,3
10367,3
10367,9
10367,9
10380,c
10382,3
10383,3
10384,3
10420,c
10421,3
10421,9
10421,9
10424,3
10425,3
10426,3
10428,3
10429,3
10429,9
10429,9
10440,c
10443,3
10444,3
10448,3
10449,3
10449,9
10449,9
10449,9
10460,c
10464,3
10520,c
10521,3
10522,3
10523,3
10524,3
10525,3
11000,a
11001,b
11002,b
11100,1
11100,9
11100,9
11100,9
11100,9
11101,0
11102,0
11103,0
11104,0
11105,0
11106,0
11107,0
11108,0
11109,0
11110,0
11201,2
11202,2
11202,9
11202,9
11202,9
11202,9
11203,2
11203,9
11203,9
11206,2
11206,9
11206,9
11207,2
11207,9
11207,9
11207,9
11207,9
11208,2
11209,2
11209,9
11209,9
11210,2
11210,9
11210,9
11210,9
11210,9
11211,2
11211,9
11211,9
11212,2
11214,2
11214,9
11214,9
11215,2
11216,2
11217,2
11217,9
11217,9
11217,9
11218,2
11218,9
11218,9
11218,9
11218,9
11219,2
11221,2
11222,2
11223,2
11224,2
11225,2
11227,2
11228,2
11229,2
11230,2
11231,2
11232,2
11232,9
11232,9
11232,9
11232,9
11233,2
11234,2
11235,2
11237,2
11238,2
11239,2
11240,2
11241,2
11242,2
11243,2
11245,2
11245,9
11245,9
11246,2
11246,9
11300,c
11301,3
11320,c
11324,3
11326,3
11327,3
11340,c
11341,3
11342,3
11343,3
11346,3
11347,3
11348,3
11349,3
11349,9
11349,9
11360,c
11361,3
11362,3
11363,3
11365,3
11365,9
11365,9
11369,3
11380,c
11381,3
11383,3
11383,9
11383,9
11385,3
11400,c
11408,3
11440,c
11442,3
11460,c
11464,3
11465,3
12000,a
12001,b
12002,b
12100,1
12101,0
12102,0
12103,0
12104,0
12105,0
12106,0
12202,2
12203,2
12204,2
12205,2
12206,2
12207,2
12208,2
12208,9
12208,9
12210,2
12211,2
12211,9
12211,9
12211,9
12212,2
12213,2
12215,2
12215,9
12215,9
12215,9
12215,9
12216,2
12217,2
12217,9
12217,9
12218,2
12219,2
12220,2
12221,2
12222,2
12223,2
12223,9
12223,9
12224,2
12225,2
12226,2
12227,2
12228,2
12229,2
12230,2
12231,2
12231,9
12231,9
12231,9
12232,2
12232,9
12233,2
12233,9
12234,2
12234,9
12234,9
12234,9
12234,9
12234,9
12234,9
12234,9
12235,2
12235,9
12235,9
12236,2
12236,9
12236,9
12236,9
12236,9
12237,2
12237,9
12237,9
12237,9
12237,9
12238,2
12238,9
12238,9
12238,9
12239,2
12239,9
12320,c
12322,3
12329,3
12340,c
12342,3
12347,3
12349,3
12400,c
12403,3
12409,3
12410,3
12410,9
12410,9
12420,c
12421,3
12422,3
12423,3
12424,3
12426,3
12427,3
12440,c
12441,3
12443,3
12460,c
12463,3
13000,a
13001,b
13002,b
13100,1
13101,0
13102,0
13103,0
13104,0
13105,0
13106,0
13107,0
13108,0
13109,0
13110,0
13111,0
13112,0
13113,0
13114,0
13115,0
13116,0
13117,0
13118,0
13119,0
13120,0
13121,0
13122,0
13123,0
13201,2
13202,2
13203,2
13204,2
13205,2
13206,2
13207,2
13208,2
13209,2
13210,2
13211,2
13212,2
13213,2
13214,2
13215,2
13218,2
13219,2
13220,2
13221,2
13222,2
13223,2
13224,2
13225,2
13227,2
13228,2
13229,2
13229,9
13229,9
13300,c
13303,3
13305,3
13307,3
13308,3
13360,c
13361,3
13362,3
13363,3
13364,3
13380,c
13381,3
13382,3
13400,c
13401,3
13402,3
13420,c
13421,3
14000,a
14001,b
14002,b
14100,1
14101,0
14102,0
14103,0
14104,0
14105,0
14106,0
14107,0
14108,0
14109,0
14110,0
14111,0
14112,0
14113,0
14114,0
14115,0
14116,0
14117,0
14118,0
14130,1
14131,0
14132,0
14133,0
14134,0
14135,0
14136,0
14137,0
14150,1
14150,9
14150,9
14150,9
14150,9
14150,9
14151,0
14152,0
14153,0
14201,2
14203,2
14204,2
14205,2
14206,2
14207,2
14208,2
14210,2
14211,2
14212,2
14213,2
14214,2
14215,2
14216,2
14217,2
14218,2
14300,c
14301,3
14320,c
14321,3
14340,c
14341,3
14342,3
14360,c
14361,3
14362,3
14363,3
14364,3
14366,3
14380,c
14382,3
14383,3
14384,3
14400,c
14401,3
14402,3
15000,a
15001,b
15002,b
15100,1
15100,9
15100,9
15100,9
15100,9
15100,9
15100,9
15100,9
15100,9
15100,9
15100,9
15100,9
15100,9
15100,9
15100,9
15100,9
15101,0
15102,0
15103,0
15104,0
15105,0
15106,0
15107,0
15108,0
15202,2
15202,9
15202,9
15202,9
15202,9
15202,9
15202,9
15202,9
15202,9
15202,9
15202,9
15202,9
15204,2
15204,9
15204,9
15204,9
15205,2
15205,9
15205,9
15205,9
15206,2
15206,9
15206,9
15206,9
15206,9
15208,2
15209,2
15210,2
15210,9
15210,9
15210,9
15210,9
15210,9
15211,2
15212,2
15212,9
15212,9
15212,9
15212,9
15212,9
15213,2
15213,9
15213,9
15213,9
15216,2
15216,9
15216,9
15216,9
15217,2
15217,9
15217,9
15217,9
15218,2
15218,9
15218,9
15222,2
15222,9
15222,9
15222,9
15222,9
15222,9
15222,9
15222,9
15222,9
15222,9
15222,9
15222,9
15222,9
15222,9
15222,9
15223,2
15223,9
15223,9
15223,9
15223,9
15224,2
15224,9
15224,9
15224,9
15224,9
15224,9
15224,9
15224,9
15224,9
15224,9
15224,9
15225,2
15225,9
15225,9
15225,9
15225,9
15225,9
15225,9
15226,2
15226,9
15226,9
15226,9
15227,2
15227,9
15227,9
15300,c
15307,3
15340,c
15342,3
15360,c
15361,3
15380,c
15385,3
15385,9
15385,9
15385,9
15385,9
15400,c
15405,3
15460,c
15461,3
15480,c
15482,3
15500,c
15504,3
15580,c
15581,3
15586,3
16000,a
16001,b
16002,b
16201,2
16201,9
16201,9
16201,9
16201,9
16201,9
16201,9
16201,9
16202,2
16202,9
16202,9
16204,2
16205,2
16206,2
16207,2
16207,9
16207,9
16208,2
16208,9
16208,9
16209,2
16210,2
16210,9
16210,9
16210,9
16210,9
16210,9
16210,9
16210,9
16210,9
16211,2
16211,9
16211,9
16211,9
16211,9
16211,9
16320,c
16321,3
16322,3
16323,3
16340,c
16342,3
16343,3
17000,a
17001,b
17002,b
17201,2
17202,2
17202,9
17202,9
17202,9
17202,9
17203,2
17204,2
17204,9
17204,9
17205,2
17206,2
17206,9
17206,9
17207,2
17209,2
17209,9
17209,9
17209,9
17210,2
17210,9
17210,9
17210,9
17210,9
17210,9
17210,9
17210,9
17210,9
17211,2
17211,9
17211,9
17211,9
17212,2
17212,9
17320,c
17324,3
17360,c
17361,3
17365,3
17380,c
17384,3
17384,9
17384,9
17386,3
17386,9
17386,9
17400,c
17407,3
17407,9
17407,9
17407,9
17460,c
17461,3
17461,9
17463,3
17463,9
17463,9
17463,9
18000,a
18001,b
18002,b
18201,2
18201,9
18201,9
18201,9
18201,9
18202,2
18204,2
18205,2
18205,9
18205,9
18206,2
18207,2
18208,2
18208,9
18208,9
18209,2
18209,9
18209,9
18210,2
18210,9
18210,9
18210,9
18210,9
18320,c
18322,3
18322,9
18322,9
18322,9
18380,c
18382,3
18400,c
18404,3
18404,9
18404,9
18404,9
18420,c
18423,3
18423,9
18423,9
18423,9
18423,9
18440,c
18442,3
18480,c
18481,3
18483,3
18483,9
18483,9
18500,c
18501,3
18501,9
18501,9
19000,a
19001,b
19002,b
19201,2
19201,9
19201,9
19201,9
19202,2
19204,2
19205,2
19205,9
19205,9
19205,9
19206,2
19207,2
19208,2
19208,9
19208,9
19208,9
19208,9
19208,9
19208,9
19209,2
19209,9
19209,9
19209,9
19209,9
19209,9
19209,9
19209,9
19209,9
19210,2
19210,9
19210,9
19210,9
19211,2
19211,9
19211,9
19211,9
19211,9
19211,9
19211,9
19211,9
19212,2
19212,9
19212,9
19213,2
19213,9
19213,9
19213,9
19214,2
19214,9
19214,9
19214,9
19340,c
19346,3
19346,9
19346,9
19346,9
19360,c
19364,3
19365,3
19365,9
19365,9
19365,9
19366,3
19366,9
19366,9
19368,3
19368,9
19368,9
19380,c
19384,3
19420,c
19422,3
19423,3
19424,3
19425,3
19429,3
19430,3
19430,9
19430,9
19430,9
19430,9
19440,c
19442,3
19443,3
20000,a
20001,b
20002,b
20201,2
20201,9
20201,9
20201,9
20201,9
20201,9
20201,9
20201,9
20202,2
20202,9
20202,9
20202,9
20202,9
20202,9
20202,9
20203,2
20203,9
20203,9
20203,9
20203,9
20204,2
20205,2
20205,9
20205,9
20205,9
20206,2
20207,2
20208,2
20209,2
20209,9
20209,9
20209,9
20210,2
20211,2
20211,9
20211,9
20212,2
20212,9
20212,9
20212,9
20213,2
20214,2
20215,2
20215,9
20215,9
20217,2
20217,9
20217,9
20217,9
20217,9
20218,2
20218,9
20218,9
20218,9
20219,2
20219,9
20219,9
20220,2
20220,9
20220,9
20220,9
20220,9
20220,9
20300,c
20303,3
20304,3
20305,3
20306,3
20307,3
20309,3
20309,9
20309,9
20320,c
20321,3
20323,3
20324,3
20340,c
20349,3
20350,3
20350,9
20350,9
20360,c
20361,3
20362,3
20363,3
20380,c
20382,3
20383,3
20384,3
20385,3
20386,3
20388,3
20400,c
20402,3
20403,3
20404,3
20407,3
20407,9
20407,9
20407,9
20409,3
20410,3
20411,3
20412,3
20413,3
20414,3
20415,3
20416,3
20417,3
20420,c
20422,3
20423,3
20425,3
20429,3
20430,3
20432,3
20432,9
20432,9
20432,9
20432,9
20440,c
20446,3
20448,3
20450,3
20451,3
20452,3
20452,9
20452,9
20452,9
20480,c
20481,3
20482,3
20485,3
20486,3
20520,c
20521,3
20540,c
20541,3
20543,3
20560,c
20561,3
20562,3
20563,3
20580,c
20583,3
20588,3
20590,3
20590,9
20590,9
20600,c
20602,3
21000,a
21001,b
21002,b
21201,2
21201,9
21201,9
21202,2
21202,9
21202,9
21202,9
21203,2
21203,9
21203,9
21203,9
21203,9
21203,9
21203,9
21203,9
21203,9
21203,9
21203,9
21204,2
21204,9
21204,9
21205,2
21205,9
21205,9
21205,9
21205,9
21205,9
21205,9
21206,2
21206,9
21206,9
21206,9
21206,9
21206,9
21206,9
21206,9
21206,9
21207,2
21208,2
21209,2
21210,2
21210,9
21210,9
21210,9
21210,9
21210,9
21210,9
21211,2
21212,2
21213,2
21213,9
21213,9
21214,2
21214,9
21214,9
21215,2
21215,9
21215,9
21215,9
21216,2
21216,9
21216,9
21217,2
21217,9
21217,9
21217,9
21217,9
21218,2
21218,9
21218,9
21218,9
21218,9
21219,2
21219,9
21219,9
21219,9
21219,9
21219,9
21219,9
21219,9
21220,2
21220,9
21220,9
21220,9
21220,9
21220,9
21221,2
21221,9
21221,9
21221,9
21300,c
21302,3
21303,3
21340,c
21341,3
21360,c
21361,3
21362,3
21380,c
21381,3
21382,3
21383,3
21400,c
21401,3
21401,9
21401,9
21401,9
21401,9
21401,9
21401,9
21403,3
21404,3
21420,c
21421,3
21500,c
21501,3
21502,3
21503,3
21504,3
21505,3
21506,3
21507,3
21520,c
21521,3
21600,c
21604,3
22000,a
22001,b
22002,b
22100,1
22100,9
22100,9
22100,9
22100,9
22101,0
22102,0
22103,0
22130,1
22130,9
22130,9
22130,9
22130,9
22130,9
22130,9
22130,9
22130,9
22130,9
22130,9
22130,9
22130,9
22131,0
22132,0
22133,0
22134,0
22135,0
22136,0
22137,0
22203,2
22203,9
22203,9
22205,2
22206,2
22207,2
22207,9
22207,9
22208,2
22209,2
22209,9
22209,9
22209,9
22210,2
22210,9
22210,9
22211,2
22211,9
22211,9
22211,9
22211,9
22211,9
22212,2
22212,9
22212,9
22213,2
22213,9
22213,9
22213,9
22214,2
22214,9
22214,9
22215,2
22216,2
22216,9
22216,9
22219,2
22220,2
22221,2
22221,9
22221,9
22222,2
22222,9
22222,9
22222,9
22222,9
22223,2
22223,9
22223,9
22224,2
22224,9
22224,9
22225,2
22225,9
22225,9
22225,9
22226,2
22226,9
22226,9
22300,c
22301,3
22302,3
22304,3
22305,3
22306,3
22306,9
22306,9
22320,c
22325,3
22340,c
22341,3
22342,3
22344,3
22420,c
22424,3
22429,3
22429,9
22429,9
22460,c
22461,3
23000,a
23001,b
23002,b
23100,1
23101,0
23102,0
23103,0
23104,0
23105,0
23106,0
23107,0
23108,0
23109,0
23110,0
23111,0
23112,0
23113,0
23114,0
23115,0
23116,0
23201,2
23202,2
23202,9
23202,9
23203,2
23203,9
23203,9
23203,9
23204,2
23205,2
23206,2
23207,2
23207,9
23207,9
23207,9
23207,9
23207,9
23208,2
23209,2
23210,2
23211,2
23211,9
23211,9
23211,9
23211,9
23211,9
23211,9
23211,9
23212,2
23213,2
23213,9
23213,9
23213,9
23213,9
23214,2
23215,2
23216,2
23217,2
23219,2
23220,2
23220,9
23220,9
23220,9
23221,2
23221,9
23221,9
23221,9
23222,2
23223,2
23224,2
23225,2
23226,2
23227,2
23228,2
23229,2
23230,2
23231,2
23231,9
23231,9
23231,9
23232,2
23232,9
23232,9
23232,9
23232,9
23233,2
23233,9
23233,9
23233,9
23233,9
23234,2
23234,9
23234,9
23235,2
23235,9
23235,9
23236,2
23236,9
23237,2
23237,9
23237,9
23237,9
23238,2
23238,9
23300,c
23302,3
23340,c
23342,3
23360,c
23361,3
23362,3
23420,c
23424,3
23425,3
23427,3
23440,c
23441,3
23442,3
23445,3
23446,3
23447,3
23500,c
23501,3
23560,c
23561,3
23561,9
23561,9
23562,3
23563,3
23563,9
23563,9
24000,a
24001,b
24002,b
24201,2
24201,9
24201,9
24201,9
24201,9
24201,9
24201,9
24201,9
24201,9
24201,9
24201,9
24202,2
24202,9
24202,9
24203,2
24203,9
24203,9
24203,9
24203,9
24204,2
24204,9
24204,9
24204,9
24204,9
24204,9
24205,2
24205,9
24205,9
24205,9
24207,2
24208,2
24209,2
24210,2
24210,9
24210,9
24211,2
24212,2
24212,9
24212,9
24214,2
24214,9
24214,9
24214,9
24214,9
24215,2
24215,9
24215,9
24215,9
24215,9
24215,9
24216,2
24216,9
24216,9
24216,9
24216,9
24216,9
24216,9
24300,c
24303,3
24320,c
24324,3
24340,c
24341,3
24343,3
24344,3
24440,c
24441,3
24441,9
24441,9
24442,3
24443,3
24443,9
24443,9
24460,c
24461,3
24470,3
24471,3
24471,9
24471,9
24471,9
24472,3
24472,9
24472,9
24540,c
24543,3
24543,9
24543,9
24560,c
24561,3
24562,3
24562,9
24562,9
25000,a
25001,b
25002,b
25201,2
25201,9
25201,9
25202,2
25203,2
25203,9
25203,9
25203,9
25203,9
25203,9
25203,9
25203,9
25203,9
25203,9
25204,2
25204,9
25204,9
25206,2
25207,2
25208,2
25208,9
25209,2
25209,9
25209,9
25209,9
25209,9
25209,9
25210,2
25210,9
25210,9
25211,2
25211,9
25211,9
25212,2
25212,9
25212,9
25212,9
25212,9
25212,9
25212,9
25213,2
25213,9
25213,9
25213,9
25213,9
25213,9
25213,9
25213,9
25214,2
25214,9
25214,9
25214,9
25214,9
25380,c
25383,3
25384,3
25420,c
25425,3
25425,9
25425,9
25440,c
25441,3
25442,3
25443,3
26000,a
26001,b
26002,b
26100,1
26100,9
26101,0
26102,0
26103,0
26104,0
26105,0
26106,0
26107,0
26108,0
26108,9
26108,9
26109,0
26110,0
26111,0
26201,2
26201,9
26201,9
26201,9
26201,9
26202,2
26203,2
26204,2
26205,2
26206,2
26207,2
26208,2
26209,2
26210,2
26211,2
26212,2
26212,9
26212,9
26212,9
26212,9
26212,9
26212,9
26213,2
26213,9
26213,9
26213,9
26213,9
26214,2
26214,9
26214,9
26214,9
26300,c
26303,3
26320,c
26322,3
26340,c
26343,3
26344,3
26360,c
26364,3
26365,3
26366,3
26367,3
26400,c
26407,3
26407,9
26407,9
26407,9
26460,c
26463,3
26465,3
26465,9
26465,9
26465,9
27000,a
27001,b
27002,b
27100,1
27102,0
27103,0
27104,0
27106,0
27107,0
27108,0
27109,0
27111,0
27113,0
27114,0
27115,0
27116,0
27117,0
27118,0
27119,0
27120,0
27121,0
27122,0
27123,0
27124,0
27125,0
27126,0
27127,0
27128,0
27140,1
27140,9
27140,9
27141,0
27142,0
27143,0
27144,0
27145,0
27146,0
27147,0
27202,2
27203,2
27204,2
27205,2
27206,2
27207,2
27208,2
27209,2
27210,2
27211,2
27212,2
27213,2
27214,2
27215,2
27216,2
27217,2
27218,2
27219,2
27220,2
27221,2
27222,2
27223,2
27224,2
27225,2
27226,2
27227,2
27228,2
27229,2
27230,2
27231,2
27232,2
27300,c
27301,3
27320,c
27321,3
27322,3
27340,c
27341,3
27360,c
27361,3
27362,3
27366,3
27380,c
27381,3
27382,3
27383,3
28000,a
28001,b
28002,b
28100,1
28101,0
28102,0
28105,0
28106,0
28107,0
28108,0
28109,0
28110,0
28111,0
28201,2
28201,9
28201,9
28201,9
28201,9
28201,9
28202,2
28203,2
28204,2
28205,2
28205,9
28205,9
28206,2
28207,2
28208,2
28209,2
28209,9
28209,9
28209,9
28209,9
28209,9
28209,9
28210,2
28212,2
28213,2
28213,9
28213,9
28214,2
28215,2
28215,9
28215,9
28216,2
28217,2
28218,2
28219,2
28220,2
28221,2
28222,2
28222,9
28222,9
28222,9
28222,9
28223,2
28223,9
28223,9
28223,9
28223,9
28223,9
28223,9
28224,2
28224,9
28224,9
28224,9
28224,9
28225,2
28225,9
28225,9
28225,9
28225,9
28226,2
28226,9
28226,9
28226,9
28226,9
28226,9
28227,2
28227,9
28227,9
28227,9
28227,9
28228,2
28228,9
28228,9
28228,9
28229,2
28229,9
28229,9
28229,9
28229,9
28300,c
28301,3
28360,c
28365,3
28365,9
28365,9
28365,9
28380,c
28381,3
28382,3
28440,c
28442,3
28443,3
28446,3
28446,9
28446,9
28460,c
28464,3
28480,c
28481,3
28500,c
28501,3
28501,9
28501,9
28501,9
28501,9
28580,c
28585,3
28585,9
28585,9
28585,9
28586,3
28586,9
28586,9
29000,a
29001,b
29002,b
29201,2
29201,9
29201,9
29201,9
29202,2
29203,2
29204,2
29205,2
29206,2
29207,2
29207,9
29207,9
29207,9
29208,2
29209,2
29210,2
29211,2
29211,9
29211,9
29212,2
29212,9
29212,9
29212,9
29212,9
29320,c
29322,3
29340,c
29342,3
29343,3
29344,3
29345,3
29360,c
29361,3
29362,3
29363,3
29380,c
29385,3
29386,3
29400,c
29401,3
29402,3
29420,c
29424,3
29425,3
29426,3
29427,3
29440,c
29441,3
29442,3
29443,3
29444,3
29446,3
29447,3
29449,3
29450,3
29451,3
29452,3
29453,3
30000,a
30001,b
30002,b
30201,2
30202,2
30202,9
30202,9
30203,2
30203,9
30203,9
30204,2
30205,2
30206,2
30206,9
30206,9
30206,9
30206,9
30206,9
30207,2
30207,9
30207,9
30208,2
30208,9
30208,9
30208,9
30208,9
30208,9
30209,2
30209,9
30300,c
30304,3
30304,9
30304,9
30340,c
30341,3
30341,9
30341,9
30343,3
30344,3
30360,c
30361,3
30362,3
30366,3
30366,9
30366,9
30366,9
30380,c
30381,3
30382,3
30383,3
30390,3
30391,3
30391,9
30391,9
30392,3
30392,9
30392,9
30392,9
30400,c
30401,3
30401,9
30401,9
30404,3
30406,3
30420,c
30421,3
30422,3
30424,3
30427,3
30428,3
30428,9
30428,9
31000,a
31001,b
31002,b
31201,2
31201,9
31201,9
31201,9
31201,9
31201,9
31201,9
31201,9
31201,9
31201,9
31202,2
31202,9
31202,9
31203,2
31203,9
31203,9
31204,2
31300,c
31302,3
31320,c
31325,3
31328,3
31329,3
31329,9
31329,9
31329,9
31360,c
31364,3
31370,3
31370,9
31370,9
31370,9
31371,3
31371,9
31371,9
31372,3
31372,9
31372,9
31380,c
31384,3
31386,3
31386,9
31386,9
31386,9
31389,3
31389,9
31389,9
31390,3
31390,9
31390,9
31400,c
31401,3
31402,3
31403,3
32000,a
32001,b
32002,b
32201,2
32201,9
32201,9
32201,9
32201,9
32201,9
32201,9
32201,9
32201,9
32201,9
32202,2
32202,9
32202,9
32202,9
32202,9
32202,9
32203,2
32203,9
32203,9
32203,9
32203,9
32203,9
32203,9
32203,9
32204,2
32204,9
32204,9
32204,9
32205,2
32205,9
32205,9
32205,9
32206,2
32206,9
32206,9
32206,9
32207,2
32207,9
32207,9
32209,2
32209,9
32209,9
32209,9
32209,9
32209,9
32209,9
32340,c
32343,3
32343,9
32343,9
32380,c
32386,3
32386,9
32386,9
32440,c
32441,3
32448,3
32448,9
32448,9
32449,3
32449,9
32449,9
32449,9
32500,c
32501,3
32501,9
32501,9
32505,3
32505,9
32505,9
32520,c
32525,3
32526,3
32527,3
32528,3
32528,9
32528,9
32528,9
32528,9
33000,a
33001,b
33002,b
33100,1
33100,9
33100,9
33100,9
33100,9
33100,9
33101,0
33102,0
33103,0
33104,0
33202,2
33202,9
33202,9
33202,9
33203,2
33203,9
33203,9
33203,9
33203,9
33203,9
33204,2
33205,2
33207,2
33207,9
33207,9
33207,9
33208,2
33208,9
33208,9
33208,9
33209,2
33209,9
33209,9
33209,9
33209,9
33209,9
33210,2
33210,9
33210,9
33210,9
33210,9
33210,9
33211,2
33211,9
33211,9
33211,9
33212,2
33212,9
33212,9
33212,9
33213,2
33213,9
33213,9
33213,9
33213,9
33214,2
33214,9
33214,9
33214,9
33214,9
33214,9
33214,9
33214,9
33214,9
33214,9
33215,2
33215,9
33215,9
33215,9
33215,9
33215,9
33215,9
33216,2
33216,9
33216,9
33216,9
33340,c
33346,3
33346,9
33346,9
33420,c
33423,3
33440,c
33445,3
33460,c
33461,3
33580,c
33586,3
33600,c
33606,3
33606,9
33606,9
33606,9
33606,9
33620,c
33622,3
33623,3
33640,c
33643,3
33660,c
33663,3
33666,3
33666,9
33666,9
33666,9
33680,c
33681,3
33681,9
33681,9
34000,a
34001,b
34002,b
34100,1
34100,9
34101,0
34102,0
34103,0
34104,0
34105,0
34106,0
34107,0
34108,0
34108,9
34108,9
34202,2
34202,9
34202,9
34202,9
34202,9
34202,9
34202,9
34202,9
34202,9
34202,9
34203,2
34204,2
34204,9
34204,9
34204,9
34204,9
34205,2
34205,9
34205,9
34205,9
34205,9
34205,9
34207,2
34207,9
34207,9
34207,9
34207,9
34207,9
34208,2
34208,9
34208,9
34209,2
34209,9
34209,9
34209,9
34209,9
34209,9
34209,9
34209,9
34209,9
34210,2
34210,9
34210,9
34210,9
34210,9
34210,9
34210,9
34210,9
34211,2
34212,2
34212,9
34212,9
34212,9
34212,9
34212,9
34212,9
34213,2
34213,9
34213,9
34213,9
34213,9
34213,9
34214,2
34214,9
34214,9
34214,9
34214,9
34214,9
34214,9
34215,2
34215,9
34215,9
34215,9
34215,9
34300,c
34302,3
34304,3
34307,3
34309,3
34360,c
34368,3
34368,9
34368,9
34368,9
34369,3
34369,9
34369,9
34369,9
34369,9
34420,c
34431,3
34431,9
34431,9
34431,9
34460,c
34462,3
34462,9
34462,9
34462,9
34540,c
34545,3
34545,9
34545,9
34545,9
34545,9
35000,a
35001,b
35002,b
35201,2
35201,9
35201,9
35201,9
35201,9
35201,9
35202,2
35202,9
35202,9
35203,2
35203,9
35203,9
35203,9
35203,9
35203,9
35203,9
35204,2
35204,9
35204,9
35204,9
35204,9
35204,9
35204,9
35204,9
35206,2
35207,2
35208,2
35208,9
35208,9
35208,9
35208,9
35208,9
35208,9
35208,9
35208,9
35210,2
35210,9
35210,9
35211,2
35211,9
35211,9
35211,9
35211,9
35212,2
35212,9
35212,9
35213,2
35213,9
35213,9
35213,9
35215,2
35215,9
35215,9
35215,9
35215,9
35216,2
35216,9
35216,9
35300,c
35305,3
35305,9
35305,9
35305,9
35305,9
35320,c
35321,3
35340,c
35341,3
35343,3
35344,3
35500,c
35502,3
36000,a
36001,b
36002,b
36201,2
36202,2
36203,2
36204,2
36204,9
36204,9
36204,9
36205,2
36205,9
36205,9
36205,9
36205,9
36206,2
36206,9
36206,9
36206,9
36206,9
36207,2
36207,9
36207,9
36207,9
36207,9
36208,2
36208,9
36208,9
36208,9
36208,9
36208,9
36208,9
36300,c
36301,3
36302,3
36320,c
36321,3
36340,c
36341,3
36342,3
36360,c
36368,3
36368,9
36368,9
36368,9
36368,9
36368,9
36380,c
36383,3
36387,3
36387,9
36387,9
36388,3
36388,9
36388,9
36388,9
36400,c
36401,3
36402,3
36403,3
36404,3
36405,3
36460,c
36468,3
36468,9
36468,9
36468,9
36480,c
36489,3
36489,9
36489,9
37000,a
37001,b
37002,b
37201,2
37201,9
37201,9
37201,9
37201,9
37201,9
37201,9
37201,9
37202,2
37202,9
37202,9
37202,9
37203,2
37204,2
37205,2
37205,9
37205,9
37205,9
37206,2
37206,9
37206,9
37206,9
37206,9
37206,9
37207,2
37207,9
37207,9
37207,9
37208,2
37208,9
37208,9
37208,9
37208,9
37208,9
37208,9
37208,9
37320,c
37322,3
37324,3
37324,9
37324,9
37340,c
37341,3
37360,c
37364,3
37380,c
37386,3
37387,3
37387,9
37387,9
37400,c
37403,3
37404,3
37406,3
37406,9
37406,9
37406,9
38000,a
38001,b
38002,b
38201,2
38201,9
38201,9
38201,9
38202,2
38202,9
38202,9
38202,9
38202,9
38202,9
38202,9
38202,9
38202,9
38202,9
38202,9
38202,9
38202,9
38203,2
38203,9
38203,9
38203,9
38203,9
38204,2
38204,9
38204,9
38205,2
38205,9
38205,9
38206,2
38206,9
38206,9
38206,9
38206,9
38207,2
38207,9
38207,9
38207,9
38207,9
38210,2
38210,9
38210,9
38210,9
38213,2
38213,9
38213,9
38213,9
38213,9
38214,2
38214,9
38214,9
38214,9
38214,9
38214,9
38215,2
38215,9
38215,9
38340,c
38356,3
38356,9
38356,9
38356,9
38356,9
38380,c
38386,3
38386,9
38386,9
38386,9
38386,9
38400,c
38401,3
38402,3
38402,9
38402,9
38420,c
38422,3
38422,9
38422,9
38422,9
38440,c
38442,3
38442,9
38442,9
38442,9
38480,c
38484,3
38488,3
38488,9
38488,9
38500,c
38506,3
38506,9
38506,9
38506,9
38506,9
38506,9
39000,a
39001,b
39002,b
39201,2
39201,9
39201,9
39201,9
39201,9
39202,2
39203,2
39204,2
39205,2
39206,2
39208,2
39209,2
39210,2
39210,9
39210,9
39211,2
39211,9
39211,9
39211,9
39211,9
39211,9
39212,2
39212,9
39212,9
39212,9
39300,c
39301,3
39302,3
39303,3
39304,3
39305,3
39306,3
39307,3
39340,c
39341,3
39344,3
39360,c
39363,3
39364,3
39380,c
39386,3
39386,9
39386,9
39386,9
39387,3
39387,9
39387,9
39387,9
39400,c
39401,3
39401,9
39401,9
39402,3
39403,3
39405,3
39410,3
39411,3
39411,9
39411,9
39412,3
39412,9
39412,9
39412,9
39420,c
39424,3
39427,3
39428,3
39428,9
39428,9
40000,a
40001,b
40002,b
40100,1
40101,0
40103,0
40105,0
40106,0
40107,0
40108,0
40109,0
40130,1
40131,0
40132,0
40133,0
40134,0
40135,0
40136,0
40137,0
40202,2
40203,2
40203,9
40203,9
40203,9
40203,9
40203,9
40204,2
40205,2
40205,9
40205,9
40205,9
40205,9
40205,9
40206,2
40207,2
40207,9
40207,9
40207,9
40210,2
40210,9
40210,9
40210,9
40210,9
40210,9
40210,9
40211,2
40212,2
40213,2
40214,2
40215,2
40216,2
40217,2
40218,2
40219,2
40220,2
40220,9
40220,9
40220,9
40221,2
40223,2
40224,2
40224,9
40224,9
40225,2
40225,9
40225,9
40226,2
40226,9
40226,9
40227,2
40227,9
40227,9
40227,9
40227,9
40228,2
40228,9
40228,9
40228,9
40229,2
40229,9
40229,9
40229,9
40230,2
40230,9
40230,9
40230,9
40300,c
40305,3
40340,c
40341,3
40342,3
40343,3
40344,3
40345,3
40348,3
40349,3
40380,c
40381,3
40382,3
40383,3
40384,3
40400,c
40401,3
40402,3
40420,c
40421,3
40440,c
40447,3
40447,9
40447,9
40448,3
40448,9
40448,9
40500,c
40503,3
40520,c
40522,3
40540,c
40544,3
40600,c
40601,3
40602,3
40604,3
40605,3
40608,3
40609,3
40610,3
40610,9
40610,9
40610,9
40620,c
40621,3
40625,3
40625,9
40625,9
40625,9
40640,c
40642,3
40646,3
40646,9
40646,9
40647,3
40647,9
40647,9
41000,a
41001,b
41002,b
41201,2
41201,9
41201,9
41201,9
41201,9
41201,9
41201,9
41201,9
41201,9
41202,2
41202,9
41202,9
41202,9
41202,9
41202,9
41202,9
41202,9
41202,9
41202,9
41203,2
41204,2
41205,2
41206,2
41206,9
41206,9
41206,9
41207,2
41208,2
41208,9
41208,9
41208,9
41208,9
41209,2
41209,9
41209,9
41210,2
41210,9
41210,9
41210,9
41320,c
41327,3
41327,9
41327,9
41340,c
41341,3
41345,3
41346,3
41346,9
41346,9
41346,9
41380,c
41387,3
41400,c
41401,3
41401,9
41401,9
41420,c
41423,3
41424,3
41425,3
41425,9
41425,9
41425,9
41440,c
41441,3
42000,a
42001,b
42002,b
42201,2
42201,9
42201,9
42201,9
42201,9
42201,9
42201,9
42201,9
42201,9
42202,2
42202,9
42202,9
42202,9
42202,9
42202,9
42202,9
42202,9
42203,2
42203,9
42203,9
42204,2
42204,9
42204,9
42204,9
42204,9
42204,9
42204,9
42205,2
42207,2
42207,9
42207,9
42207,9
42207,9
42208,2
42208,9
42208,9
42208,9
42209,2
42209,9
42209,9
42209,9
42209,9
42209,9
42209,9
42210,2
42210,9
42210,9
42210,9
42210,9
42211,2
42211,9
42211,9
42211,9
42211,9
42211,9
42211,9
42212,2
42212,9
42212,9
42212,9
42212,9
42212,9
42213,2
42213,9
42213,9
42213,9
42213,9
42213,9
42213,9
42213,9
42214,2
42214,9
42214,9
42214,9
42214,9
42214,9
42214,9
42214,9
42214,9
42300,c
42307,3
42308,3
42320,c
42321,3
42322,3
42323,3
42380,c
42383,3
42391,3
42400,c
42411,3
42411,9
42411,9
42411,9
42411,9
42411,9
43000,a
43001,b
43002,b
43100,1
43100,9
43100,9
43100,9
43100,9
43101,0
43102,0
43103,0
43104,0
43105,0
43202,2
43202,9
43202,9
43202,9
43202,9
43202,9
43202,9
43203,2
43204,2
43205,2
43206,2
43206,9
43206,9
43206,9
43206,9
43208,2
43208,9
43208,9
43208,9
43208,9
43208,9
43210,2
43210,9
43210,9
43210,9
43210,9
43211,2
43212,2
43212,9
43212,9
43212,9
43212,9
43213,2
43213,9
43213,9
43213,9
43213,9
43213,9
43214,2
43214,9
43214,9
43214,9
43215,2
43215,9
43215,9
43215,9
43215,9
43215,9
43215,9
43215,9
43215,9
43215,9
43215,9
43216,2
43216,9
43216,9
43340,c
43348,3
43348,9
43348,9
43360,c
43364,3
43367,3
43368,3
43369,3
43369,9
43369,9
43400,c
43403,3
43404,3
43420,c
43423,3
43424,3
43425,3
43428,3
43432,3
43433,3
43433,9
43433,9
43433,9
43440,c
43441,3
43442,3
43443,3
43444,3
43447,3
43447,9
43447,9
43447,9
43460,c
43468,3
43468,9
43468,9
43480,c
43482,3
43482,9
43482,9
43484,3
43500,c
43501,3
43505,3
43506,3
43507,3
43510,3
43511,3
43512,3
43513,3
43514,3
43514,9
43514,9
43514,9
43514,9
43514,9
43520,c
43531,3
44000,a
44001,b
44002,b
44201,2
44201,9
44201,9
44201,9
44202,2
44203,2
44203,9
44203,9
44203,9
44203,9
44203,9
44204,2
44204,9
44204,9
44204,9
44204,9
44204,9
44204,9
44205,2
44205,9
44205,9
44205,9
44205,9
44205,9
44205,9
44205,9
44205,9
44205,9
44206,2
44206,9
44206,9
44207,2
44208,2
44208,9
44208,9
44208,9
44208,9
44209,2
44209,9
44209,9
44209,9
44210,2
44210,9
44210,9
44210,9
44211,2
44211,9
44211,9
44211,9
44212,2
44212,9
44212,9
44212,9
44212,9
44212,9
44212,9
44212,9
44213,2
44213,9
44213,9
44213,9
44214,2
44214,9
44214,9
44214,9
44214,9
44320,c
44322,3
44340,c
44341,3
44460,c
44461,3
44462,3
45000,a
45001,b
45002,b
45201,2
45201,9
45201,9
45201,9
45201,9
45201,9
45202,2
45202,9
45202,9
45202,9
45202,9
45202,9
45203,2
45203,9
45203,9
45203,9
45203,9
45204,2
45204,9
45204,9
45204,9
45205,2
45205,9
45205,9
45205,9
45206,2
45206,9
45206,9
45207,2
45208,2
45209,2
45340,c
45341,3
45360,c
45361,3
45380,c
45382,3
45383,3
45400,c
45401,3
45402,3
45403,3
45404,3
45405,3
45406,3
45420,c
45421,3
45429,3
45430,3
45431,3
45431,9
45431,9
45431,9
45440,c
45441,3
45442,3
45443,3
46000,a
46001,b
46002,b
46201,2
46201,9
46201,9
46201,9
46201,9
46201,9
46201,9
46203,2
46203,9
46203,9
46203,9
46203,9
46204,2
46206,2
46208,2
46208,9
46208,9
46208,9
46210,2
46210,9
46210,9
46210,9
46213,2
46214,2
46215,2
46215,9
46215,9
46215,9
46215,9
46215,9
46215,9
46215,9
46215,9
46215,9
46216,2
46216,9
46216,9
46216,9
46216,9
46217,2
46217,9
46217,9
46217,9
46218,2
46218,9
46218,9
46218,9
46218,9
46218,9
46218,9
46218,9
46219,2
46219,9
46219,9
46220,2
46220,9
46220,9
46220,9
46220,9
46220,9
46221,2
46221,9
46221,9
46221,9
46222,2
46222,9
46222,9
46222,9
46223,2
46223,9
46223,9
46223,9
46224,2
46224,9
46224,9
46225,2
46225,9
46225,9
46225,9
46300,c
46303,3
46304,3
46380,c
46392,3
46392,9
46392,9
46392,9
46400,c
46404,3
46404,9
46404,9
46440,c
46452,3
46452,9
46452,9
46460,c
46468,3
46480,c
46482,3
46490,3
46490,9
46490,9
46491,3
46491,9
46491,9
46492,3
46492,9
46492,9
46500,c
46501,3
46502,3
46505,3
46505,9
46505,9
46520,c
46523,3
46524,3
46525,3
46527,3
46529,3
46530,3
46531,3
46532,3
46533,3
46534,3
46535,3
47000,a
47001,b
47002,b
47201,2
47205,2
47207,2
47208,2
47209,2
47210,2
47211,2
47212,2
47212,9
47213,2
47213,9
47213,9
47213,9
47213,9
47214,2
47214,9
47214,9
47214,9
47214,9
47214,9
47215,2
47215,9
47215,9
47215,9
47215,9
47300,c
47301,3
47302,3
47303,3
47306,3
47308,3
47311,3
47313,3
47314,3
47315,3
47320,c
47324,3
47325,3
47326,3
47327,3
47328,3
47329,3
47340,c
47348,3
47350,3
47353,3
47354,3
47355,3
47356,3
47357,3
47358,3
47359,3
47360,3
47361,3
47361,9
47361,9
47362,3
47362,9
47362,9
47370,c
47375,3
47380,c
47381,3
47382,3
00000,d
01000,d
01100,d
01101,d
01102,d
01103,d
01104,d
01105,d
01106,d
01107,d
01108,d
01109,d
01110,d
01202,d
01203,d
01204,d
01205,d
01206,d
01207,d
01208,d
01210,d
01211,d
01212,d
01213,d
01214,d
01215,d
01216,d
01217,d
01219,d
01220,d
01221,d
01223,d
01224,d
01225,d
01226,d
01228,d
01229,d
01230,d
01231,d
01233,d
01234,d
01235,d
01236,d
01303,d
01337,d
01346,d
01400,d
01402,d
01408,d
01429,d
01460,d
01543,d
01545,d
01555,d
01578,d
01610,d
01631,d
01637,d
01643,d
01661,d
01692,d
02000,d
02201,d
02202,d
02203,d
02204,d
02205,d
02206,d
02207,d
02208,d
02210,d
02401,d
03000,d
03201,d
03202,d
03203,d
03205,d
03206,d
03207,d
03209,d
03211,d
03215,d
03216,d
03322,d
04000,d
04100,d
04101,d
04102,d
04103,d
04104,d
04105,d
04202,d
04203,d
04205,d
04206,d
04207,d
04208,d
04209,d
04211,d
04212,d
04214,d
04215,d
04321,d
04323,d
04361,d
04401,d
04404,d
04406,d
04421,d
04423,d
05000,d
05201,d
05202,d
05203,d
05204,d
05207,d
05210,d
05212,d
05214,d
06000,d
06201,d
06202,d
06203,d
06204,d
06205,d
06206,d
06207,d
06208,d
06209,d
06210,d
06211,d
06213,d
06301,d
06321,d
07000,d
07201,d
07202,d
07203,d
07204,d
07205,d
07207,d
07208,d
07209,d
07210,d
07212,d
07213,d
07301,d
08000,d
08201,d
08202,d
08203,d
08204,d
08205,d
08207,d
08208,d
08210,d
08211,d
08212,d
08214,d
08216,d
08217,d
08219,d
08220,d
08221,d
08222,d
08224,d
08226,d
08227,d
08228,d
08230,d
08232,d
08235,d
08309,d
08341,d
08443,d
08546,d
08564,d
09000,d
09201,d
09202,d
09203,d
09204,d
09205,d
09206,d
09208,d
09209,d
09210,d
09211,d
09213,d
09216,d
09361,d
09364,d
09386,d
10000,d
10201,d
10202,d
10203,d
10204,d
10205,d
10206,d
10207,d
10208,d
10209,d
10210,d
10212,d
10464,d
10524,d
11000,d
11100,d
11101,d
11102,d
11103,d
11104,d
11105,d
11106,d
11107,d
11108,d
11109,d
11110,d
11201,d
11202,d
11203,d
11206,d
11207,d
11208,d
11209,d
11210,d
11211,d
11212,d
11214,d
11215,d
11216,d
11217,d
11218,d
11219,d
11221,d
11222,d
11223,d
11224,d
11225,d
11227,d
11228,d
11229,d
11230,d
11231,d
11232,d
11233,d
11234,d
11235,d
11237,d
11238,d
11239,d
11240,d
11241,d
11242,d
11243,d
11245,d
11246,d
11301,d
11324,d
11326,d
11342,d
11343,d
11348,d
11442,d
11464,d
11465,d
12000,d
12100,d
12101,d
12102,d
12103,d
12104,d
12105,d
12106,d
12202,d
12203,d
12204,d
12205,d
12206,d
12207,d
12208,d
12210,d
12211,d
12212,d
12213,d
12216,d
12217,d
12219,d
12220,d
12221,d
12222,d
12224,d
12225,d
12227,d
12228,d
12229,d
12230,d
12231,d
12232,d
12233,d
12236,d
12239,d
12322,d
12329,d
13000,d
13100,d
13101,d
13102,d
13103,d
13104,d
13105,d
13106,d
13107,d
13108,d
13109,d
13110,d
13111,d
13112,d
13113,d
13114,d
13115,d
13116,d
13117,d
13118,d
13119,d
13120,d
13121,d
13122,d
13123,d
13201,d
13202,d
13203,d
13204,d
13205,d
13206,d
13207,d
13208,d
13209,d
13210,d
13211,d
13212,d
13213,d
13214,d
13215,d
13218,d
13219,d
13220,d
13221,d
13222,d
13223,d
13224,d
13225,d
13227,d
13228,d
13229,d
13303,d
13305,d
14000,d
14100,d
14101,d
14102,d
14103,d
14104,d
14105,d
14106,d
14107,d
14108,d
14109,d
14110,d
14111,d
14112,d
14113,d
14114,d
14115,d
14116,d
14117,d
14118,d
14130,d
14131,d
14132,d
14133,d
14134,d
14135,d
14136,d
14137,d
14150,d
14151,d
14152,d
14153,d
14201,d
14203,d
14204,d
14205,d
14206,d
14207,d
14208,d
14210,d
14211,d
14212,d
14213,d
14214,d
14215,d
14216,d
14217,d
14218,d
14301,d
14321,d
14341,d
14342,d
14362,d
14363,d
14366,d
14383,d
14384,d
14401,d
15000,d
15100,d
15101,d
15102,d
15103,d
15104,d
15105,d
15106,d
15107,d
15108,d
15202,d
15204,d
15205,d
15206,d
15208,d
15209,d
15210,d
15211,d
15212,d
15213,d
15216,d
15217,d
15218,d
15222,d
15223,d
15226,d
16000,d
16201,d
16202,d
16204,d
16205,d
16206,d
16209,d
16211,d
17000,d
17201,d
17202,d
17203,d
17204,d
17206,d
17207,d
17210,d
17211,d
17212,d
17361,d
17365,d
18000,d
18201,d
18202,d
18204,d
18205,d
18206,d
18207,d
18208,d
18209,d
18210,d
18322,d
19000,d
19201,d
19202,d
19204,d
19205,d
19210,d
19212,d
19214,d
20000,d
20201,d
20202,d
20203,d
20204,d
20205,d
20206,d
20207,d
20208,d
20209,d
20210,d
20211,d
20212,d
20214,d
20215,d
20217,d
20218,d
20219,d
20220,d
20361,d
21000,d
21201,d
21202,d
21203,d
21204,d
21205,d
21206,d
21208,d
21209,d
21210,d
21211,d
21212,d
21213,d
21214,d
21216,d
21217,d
21302,d
21303,d
21361,d
21381,d
21421,d
22000,d
22100,d
22101,d
22102,d
22103,d
22130,d
22131,d
22132,d
22133,d
22134,d
22135,d
22136,d
22203,d
22205,d
22206,d
22207,d
22208,d
22209,d
22210,d
22211,d
22212,d
22213,d
22214,d
22215,d
22216,d
22219,d
22220,d
22221,d
22224,d
22225,d
22226,d
22325,d
22341,d
22342,d
22424,d
23000,d
23100,d
23101,d
23102,d
23103,d
23104,d
23105,d
23106,d
23107,d
23108,d
23109,d
23110,d
23111,d
23112,d
23113,d
23114,d
23115,d
23116,d
23201,d
23202,d
23203,d
23204,d
23205,d
23206,d
23207,d
23208,d
23209,d
23210,d
23211,d
23212,d
23213,d
23214,d
23215,d
23216,d
23217,d
23219,d
23220,d
23221,d
23222,d
23223,d
23224,d
23225,d
23226,d
23227,d
23228,d
23229,d
23230,d
23231,d
23232,d
23233,d
23234,d
23235,d
23236,d
23237,d
23238,d
23302,d
23342,d
23361,d
23362,d
23424,d
23425,d
23441,d
23442,d
23447,d
23501,d
24000,d
24201,d
24202,d
24203,d
24204,d
24205,d
24207,d
24208,d
24209,d
24210,d
24216,d
24324,d
24341,d
24344,d
25000,d
25201,d
25202,d
25203,d
25204,d
25206,d
25207,d
25208,d
25209,d
25210,d
25211,d
25213,d
26000,d
26100,d
26101,d
26102,d
26103,d
26104,d
26105,d
26106,d
26107,d
26108,d
26109,d
26110,d
26111,d
26201,d
26202,d
26203,d
26204,d
26205,d
26206,d
26207,d
26208,d
26209,d
26210,d
26211,d
26212,d
26213,d
26214,d
26303,d
26322,d
26366,d
27000,d
27100,d
27102,d
27103,d
27104,d
27106,d
27107,d
27108,d
27109,d
27111,d
27113,d
27114,d
27115,d
27116,d
27117,d
27118,d
27119,d
27120,d
27121,d
27122,d
27123,d
27124,d
27125,d
27126,d
27127,d
27128,d
27140,d
27141,d
27142,d
27143,d
27144,d
27145,d
27146,d
27147,d
27202,d
27203,d
27204,d
27205,d
27206,d
27207,d
27208,d
27209,d
27210,d
27211,d
27212,d
27213,d
27214,d
27215,d
27216,d
27217,d
27218,d
27219,d
27220,d
27221,d
27222,d
27223,d
27224,d
27225,d
27226,d
27227,d
27228,d
27229,d
27230,d
27231,d
27232,d
27301,d
27321,d
27341,d
27361,d
27362,d
27381,d
27382,d
28000,d
28100,d
28101,d
28102,d
28105,d
28106,d
28107,d
28108,d
28109,d
28110,d
28111,d
28201,d
28202,d
28203,d
28204,d
28205,d
28206,d
28207,d
28208,d
28209,d
28210,d
28212,d
28213,d
28214,d
28215,d
28216,d
28217,d
28218,d
28219,d
28220,d
28228,d
28229,d
28301,d
28381,d
28382,d
28464,d
29000,d
29201,d
29202,d
29203,d
29204,d
29205,d
29206,d
29207,d
29208,d
29209,d
29210,d
29211,d
29343,d
29344,d
29363,d
29424,d
29425,d
29426,d
29427,d
30000,d
30201,d
30202,d
30204,d
30205,d
30206,d
30207,d
30361,d
31000,d
31201,d
31202,d
31203,d
31204,d
32000,d
32201,d
32202,d
32203,d
32204,d
32206,d
33000,d
33100,d
33101,d
33102,d
33103,d
33104,d
33202,d
33203,d
33204,d
33205,d
33207,d
33208,d
33209,d
33210,d
33213,d
34000,d
34100,d
34101,d
34102,d
34103,d
34104,d
34105,d
34106,d
34107,d
34108,d
34202,d
34203,d
34204,d
34205,d
34207,d
34208,d
34209,d
34211,d
34212,d
34213,d
34302,d
34304,d
34309,d
35000,d
35201,d
35202,d
35203,d
35204,d
35206,d
35207,d
35208,d
35210,d
35212,d
35215,d
35216,d
36000,d
36201,d
36202,d
36203,d
36204,d
36205,d
36402,d
37000,d
37201,d
37202,d
37203,d
37204,d
37205,d
37206,d
37386,d
37404,d
38000,d
38201,d
38202,d
38203,d
38204,d
38205,d
38206,d
38207,d
38210,d
38213,d
38215,d
38401,d
38402,d
39000,d
39201,d
39203,d
39204,d
39205,d
39210,d
39212,d
40000,d
40100,d
40101,d
40103,d
40105,d
40106,d
40107,d
40108,d
40109,d
40130,d
40131,d
40132,d
40133,d
40134,d
40135,d
40136,d
40137,d
40202,d
40203,d
40204,d
40205,d
40206,d
40207,d
40210,d
40211,d
40212,d
40213,d
40215,d
40216,d
40217,d
40218,d
40219,d
40220,d
40221,d
40223,d
40224,d
40228,d
40230,d
40305,d
40341,d
40342,d
40343,d
40344,d
40345,d
40349,d
40381,d
40382,d
40383,d
40402,d
40621,d
41000,d
41201,d
41202,d
41203,d
41205,d
41206,d
41207,d
41208,d
41210,d
41341,d
42000,d
42201,d
42202,d
42203,d
42204,d
42205,d
42211,d
42307,d
42308,d
42322,d
43000,d
43100,d
43101,d
43102,d
43103,d
43104,d
43105,d
43202,d
43203,d
43204,d
43205,d
43206,d
43208,d
43210,d
43211,d
43213,d
43215,d
43216,d
43403,d
43404,d
43443,d
44000,d
44201,d
44202,d
44203,d
44204,d
44205,d
44206,d
44207,d
45000,d
45201,d
45202,d
45203,d
45204,d
45205,d
45206,d
45208,d
45401,d
45421,d
46000,d
46201,d
46203,d
46204,d
46210,d
46215,d
46218,d
46219,d
46222,d
46225,d
47000,d
47201,d
47205,d
47207,d
47208,d
47209,d
47210,d
47211,d
47212,d
47213,d
47214,d
47314,d
47324,d
47325,d
47326,d
47329,d
47348,d
47350,d
47362,d
